{"cameraMode":{"drawMode":0,"name":"Shaded","section":"Shading Mode"},"sceneLighting":true,"audioPlay":false,"sceneViewState":{"m_AlwaysRefresh":false,"showFog":true,"showSkybox":true,"showFlares":true,"showImageEffects":true,"showParticleSystems":true,"showVisualEffectGraphs":true,"m_FxEnabled":true},"in2DMode":false,"pivot":{"x":0.384121298789978,"y":6.744606018066406,"z":-6.380430221557617},"rotation":{"x":0.1731204241514206,"y":0.0059093693271279339,"z":-0.0010387359652668238,"w":0.9848833084106445},"size":7.071067810058594,"orthographic":false}